<?xml version="1.0"?>
<componentPackage>
  <component id="TextLayoutFormat" class="flashx.textLayout.formats.TextLayoutFormat" />
  <component id="div" class="flashx.textLayout.elements.DivElement" />
  <component id="img" class="flashx.textLayout.elements.InlineGraphicElement" />
  <component id="a" class="flashx.textLayout.elements.LinkElement" />
  <component id="p" class="flashx.textLayout.elements.ParagraphElement" />
  <component id="br" class="flashx.textLayout.elements.BreakElement" />
  <component id="tab" class="flashx.textLayout.elements.TabElement" />
  <component id="tcy" class="flashx.textLayout.elements.TCYElement" />
  <component id="span" class="flashx.textLayout.elements.SpanElement" />
  <component id="TextFlow" class="flashx.textLayout.elements.TextFlow" />
</componentPackage>
